segment_id,lat,lon,street,mean_score,max_score,cluster
z14_x11688_y5999,43.333169,76.827393,,2.3430838323353296,3.31,0
z14_x11688_y6000,43.317185,76.827393,,1.5364071856287425,1.92,1
z14_x11688_y6002,43.285203,76.827393,,1.5103806228373702,3.5,0
z14_x11688_y6003,43.269206,76.827393,,1.5403592814371259,2.01,1
z14_x11688_y6004,43.253205,76.827393,,1.6338323353293414,2.34,1
z14_x11688_y6009,43.173135,76.827393,,1.5033532934131737,1.68,1
z14_x11689_y5999,43.333169,76.849365,,1.6581437125748504,2.2,1
z14_x11689_y6000,43.317185,76.849365,,1.504431137724551,1.96,1
z14_x11689_y6001,43.301196,76.849365,,1.5060179640718563,2.29,1
z14_x11689_y6002,43.285203,76.849365,,1.5073053892215569,2.41,1
z14_x11689_y6003,43.269206,76.849365,,1.505688622754491,2.28,1
z14_x11689_y6004,43.253205,76.849365,,1.5329640718562874,2.17,1
z14_x11689_y6005,43.237199,76.849365,,1.7527844311377243,2.05,1
z14_x11689_y6006,43.22119,76.849365,,1.5267365269461077,1.76,1
z14_x11689_y6007,43.205176,76.849365,,1.598682634730539,1.94,1
z14_x11689_y6008,43.189158,76.849365,,1.570059880239521,1.69,1
z14_x11689_y6009,43.173135,76.849365,,1.579431137724551,1.79,1
z14_x11690_y6000,43.317185,76.871338,,1.5273652694610778,1.88,1
z14_x11690_y6001,43.301196,76.871338,,1.512012012012012,3.5,0
z14_x11690_y6004,43.253205,76.871338,,1.5060975609756098,1.98,1
z14_x11690_y6005,43.237199,76.871338,,1.5430239520958084,1.69,1
z14_x11690_y6007,43.205176,76.871338,,1.5025,1.63,1
z14_x11690_y6008,43.189158,76.871338,,1.515808383233533,1.68,1
z14_x11690_y6009,43.173135,76.871338,,1.5546107784431138,1.77,1
z14_x11691_y5998,43.34915,76.893311,,1.5206849315068494,2.25,1
z14_x11691_y6000,43.317185,76.893311,,1.7658383233532933,2.07,1
z14_x11691_y6003,43.269206,76.893311,,1.504191616766467,2.09,1
z14_x11691_y6005,43.237199,76.893311,,1.5081437125748505,1.64,1
z14_x11691_y6006,43.22119,76.893311,,1.660868263473054,1.81,1
z14_x11691_y6007,43.205176,76.893311,,1.5451497005988024,1.71,1
z14_x11691_y6008,43.189158,76.893311,,1.6288554216867468,2.01,1
z14_x11691_y6009,43.173135,76.893311,,1.7376047904191618,2.35,1
z14_x11692_y5996,43.381098,76.915283,,1.5173037542662116,2.59,1
z14_x11692_y5997,43.365126,76.915283,,1.5028963414634147,1.6,1
z14_x11692_y5998,43.34915,76.915283,,1.5816766467065868,1.99,1
z14_x11692_y5999,43.333169,76.915283,,2.15562874251497,2.86,0
z14_x11692_y6000,43.317185,76.915283,,1.5605688622754492,1.64,1
z14_x11692_y6003,43.269206,76.915283,,1.506377245508982,1.74,1
z14_x11692_y6004,43.253205,76.915283,,1.548323353293413,1.7,1
z14_x11692_y6005,43.237199,76.915283,,1.5032035928143712,1.59,1
z14_x11692_y6006,43.22119,76.915283,,1.6002095808383234,1.73,1
z14_x11692_y6007,43.205176,76.915283,,1.6667365269461079,1.96,1
z14_x11692_y6008,43.189158,76.915283,,1.6299101796407185,2.04,1
z14_x11692_y6009,43.173135,76.915283,,1.6036826347305388,2.08,1
z14_x11693_y5999,43.333169,76.937256,,1.515043859649123,2.68,1
z14_x11693_y6000,43.317185,76.937256,,1.9013473053892214,2.76,0
z14_x11693_y6001,43.301196,76.937256,,1.5035849056603774,2.64,1
z14_x11693_y6002,43.285203,76.937256,,1.519876923076923,1.86,1
z14_x11693_y6003,43.269206,76.937256,,1.50188622754491,1.86,1
z14_x11693_y6004,43.253205,76.937256,,1.5774550898203592,1.94,1
z14_x11693_y6006,43.22119,76.937256,,1.5696706586826348,1.93,1
z14_x11693_y6007,43.205176,76.937256,,1.5094011976047903,1.63,1
z14_x11693_y6008,43.189158,76.937256,,1.5060179640718563,1.64,1
z14_x11693_y6009,43.173135,76.937256,,1.5225449101796409,1.76,1
z14_x11694_y6000,43.317185,76.959229,,1.5775149700598803,1.98,1
z14_x11694_y6001,43.301196,76.959229,,1.66374251497006,2.43,1
z14_x11694_y6002,43.285203,76.959229,,1.6722455089820358,2.4,1
z14_x11694_y6003,43.269206,76.959229,,1.5251197604790419,2.0,1
z14_x11694_y6004,43.253205,76.959229,,1.534131736526946,1.86,1
z14_x11694_y6005,43.237199,76.959229,,1.5172455089820358,1.7,1
z14_x11694_y6006,43.22119,76.959229,,1.5482934131736528,1.87,1
z14_x11694_y6007,43.205176,76.959229,,1.5152694610778443,1.67,1
z14_x11694_y6008,43.189158,76.959229,,1.570239520958084,1.7,1
z14_x11694_y6009,43.173135,76.959229,,1.506946107784431,1.57,1
z14_x11695_y6000,43.317185,76.981201,,1.5026047904191617,2.02,1
z14_x11695_y6001,43.301196,76.981201,,1.5091616766467066,1.95,1
z14_x11695_y6002,43.285203,76.981201,,1.5153592814371257,1.73,1
z14_x11695_y6003,43.269206,76.981201,,1.9493113772455088,2.28,1
z14_x11695_y6004,43.253205,76.981201,,1.6893413173652694,2.03,1
z14_x11695_y6005,43.237199,76.981201,,1.5480838323353294,1.74,1
z14_x11695_y6006,43.22119,76.981201,,1.53874251497006,1.78,1
z14_x11695_y6007,43.205176,76.981201,,1.5105688622754492,1.64,1
z14_x11695_y6008,43.189158,76.981201,,1.529191616766467,2.02,1
z14_x11695_y6009,43.173135,76.981201,,1.507814371257485,1.66,1
z14_x11696_y5996,43.381098,77.003174,,1.5044011976047904,1.57,1
z14_x11696_y5997,43.365126,77.003174,,1.5010179640718562,1.84,1
z14_x11696_y6000,43.317185,77.003174,,1.5007185628742514,1.67,1
z14_x11696_y6001,43.301196,77.003174,,1.7061377245508982,1.94,1
z14_x11696_y6004,43.253205,77.003174,,1.613502994011976,1.95,1
z14_x11696_y6005,43.237199,77.003174,,1.5732035928143715,2.11,1
z14_x11696_y6006,43.22119,77.003174,,1.5090119760479042,1.6,1
z14_x11696_y6007,43.205176,77.003174,,1.5214670658682634,1.77,1
z14_x11696_y6008,43.189158,77.003174,,1.5338323353293413,1.68,1
z14_x11696_y6009,43.173135,77.003174,,1.5386526946107784,1.68,1
z14_x11697_y5996,43.381098,77.025146,,1.509820359281437,1.99,1
z14_x11697_y6001,43.301196,77.025146,,1.636556886227545,2.19,1
z14_x11697_y6002,43.285203,77.025146,,1.6883532934131735,1.87,1
z14_x11697_y6003,43.269206,77.025146,,1.6550898203592812,1.75,1
z14_x11697_y6004,43.253205,77.025146,,1.67937125748503,1.95,1
z14_x11697_y6005,43.237199,77.025146,,1.5354790419161677,1.68,1
z14_x11697_y6006,43.22119,77.025146,,1.5445209580838324,1.68,1
z14_x11697_y6007,43.205176,77.025146,,1.57,1.67,1
z14_x11697_y6009,43.173135,77.025146,,1.5162574850299402,1.85,1
z14_x11698_y5996,43.381098,77.047119,,1.6843113772455092,2.14,1
z14_x11698_y5997,43.365126,77.047119,,1.6544011976047905,1.98,1
z14_x11698_y5998,43.34915,77.047119,,1.5626347305389223,1.72,1
z14_x11698_y5999,43.333169,77.047119,,1.8354191616766466,2.39,1
z14_x11698_y6000,43.317185,77.047119,,1.8652095808383233,2.39,1
z14_x11698_y6001,43.301196,77.047119,,1.5688922155688623,1.82,1
z14_x11698_y6002,43.285203,77.047119,,1.6111676646706588,1.76,1
z14_x11698_y6003,43.269206,77.047119,,1.5248502994011977,1.96,1
z14_x11698_y6004,43.253205,77.047119,,1.5057784431137724,1.68,1
z14_x11698_y6006,43.22119,77.047119,,1.5080838323353294,1.62,1
z14_x11698_y6007,43.205176,77.047119,,1.569700598802395,1.79,1
z14_x11699_y5996,43.381098,77.069092,,1.5095508982035928,1.79,1
z14_x11699_y5997,43.365126,77.069092,,1.6185542168674698,3.5,0
z14_x11699_y5999,43.333169,77.069092,,1.5070404984423675,1.76,1
z14_x11699_y6000,43.317185,77.069092,,1.5011824324324325,1.69,1
z14_x11699_y6001,43.301196,77.069092,,1.5019266055045872,1.77,1
z14_x11699_y6002,43.285203,77.069092,,1.577365269461078,2.1,1
z14_x11699_y6004,43.253205,77.069092,,1.5059880239520957,2.0,1
z14_x11699_y6005,43.237199,77.069092,,1.5076646706586827,1.81,1
z14_x11699_y6006,43.22119,77.069092,,1.5314071856287426,1.67,1
z14_x11699_y6008,43.189158,77.069092,,1.6710179640718563,1.92,1
z14_x11699_y6009,43.173135,77.069092,,1.5288323353293414,1.69,1
z15_x23376_y11999,43.329174,76.821899,Алатауский район,2.39876304023845,3.85,0
z15_x23376_y12000,43.321181,76.821899,Индустриальная улица,1.730581222056632,3.19,0
z15_x23376_y12001,43.313188,76.821899,улица Диагональная,1.5,1.5,1
z15_x23376_y12003,43.297198,76.821899,Алатауский район,1.5,1.5,1
z15_x23376_y12004,43.289202,76.821899,улица Саина,1.5,1.5,1
z15_x23376_y12005,43.281204,76.821899,Зердели микрорайон,1.5057670979667284,2.33,1
z15_x23376_y12006,43.273206,76.821899,Дарабоз,1.50685546875,1.9,1
z15_x23376_y12007,43.265206,76.821899,улица Аханова,1.6102384500745157,3.05,0
z15_x23376_y12008,43.257206,76.821899,улица Бауыржана Момышулы,1.576199701937407,2.95,0
z15_x23376_y12012,43.225193,76.821899,Ауэзовский район,1.5,1.5,1
z15_x23376_y12013,43.217187,76.821899,улица Лапина,1.5,1.5,1
z15_x23376_y12014,43.20918,76.821899,улица Кадырова,1.5,1.5,1
z15_x23376_y12016,43.193163,76.821899,улица Жигер,1.5032159999999999,2.26,1
z15_x23376_y12017,43.185153,76.821899,улица Бакшалы (Тастыбулак),1.5,1.5,1
z15_x23376_y12018,43.177141,76.821899,улица Ермек,1.5373703041144902,3.48,0
z15_x23376_y12019,43.169129,76.821899,Наурызбайский район,1.5042352941176471,2.08,1
z15_x23377_y11998,43.337165,76.832886,улица Саина,1.5,1.5,1
z15_x23377_y11999,43.329174,76.832886,улица Саина,2.178509687034277,3.34,0
z15_x23377_y12000,43.321181,76.832886,Индустриальная улица,1.5,1.5,1
z15_x23377_y12001,43.313188,76.832886,улица Саина,1.5,1.5,1
z15_x23377_y12002,43.305194,76.832886,улица Саина,1.5,1.5,1
z15_x23377_y12003,43.297198,76.832886,улица Саина,1.5,1.5,1
z15_x23377_y12004,43.289202,76.832886,Алатауский район,1.5,1.5,1
z15_x23377_y12005,43.281204,76.832886,улица Альмерека Абыза,1.5441092636579574,3.5,0
z15_x23377_y12006,43.273206,76.832886,улица Альмерека Абыза,1.5121541501976283,2.43,1
z15_x23377_y12007,43.265206,76.832886,улица Омирхана Байконырова,1.5230482115085537,2.29,1
z15_x23377_y12008,43.257206,76.832886,улица Рустемова,1.6706259314456036,3.1,0
z15_x23377_y12009,43.249204,76.832886,Алатауский район,1.7642026825633383,3.5,0
z15_x23377_y12010,43.241201,76.832886,Аксай 1,1.5,1.5,1
z15_x23377_y12012,43.225193,76.832886,улица Акжайнак,1.5,1.5,1
z15_x23377_y12013,43.217187,76.832886,улица Акжунис,1.5,1.5,1
z15_x23377_y12015,43.201172,76.832886,Калкаман-3,1.5028378378378378,2.76,1
z15_x23377_y12016,43.193163,76.832886,улица Динмухамеда Кунаева,1.5,1.5,1
z15_x23377_y12017,43.185153,76.832886,улица Рыскулова,1.5012965722801788,1.64,1
z15_x23377_y12018,43.177141,76.832886,Наурызбайский район,1.5015201192250371,2.02,1
z15_x23377_y12019,43.169129,76.832886,улица 1-я Нагорная,1.5063235294117647,2.36,1
z15_x23378_y11998,43.337165,76.843872,улица Асановой,1.5,1.5,1
z15_x23378_y11999,43.329174,76.843872,улица Мухаметханова,1.8198807749627424,3.19,0
z15_x23378_y12000,43.321181,76.843872,Акшагыл,1.5,1.5,1
z15_x23378_y12001,43.313188,76.843872,Along the BAC street,1.5,1.5,1
z15_x23378_y12002,43.305194,76.843872,Шанырак 2,1.5,1.5,1
z15_x23378_y12005,43.281204,76.843872,улица Саги Ашимова,1.6453398058252426,3.5,0
z15_x23378_y12006,43.273206,76.843872,улица Степная,1.5,1.5,1
z15_x23378_y12007,43.265206,76.843872,улица Наби,1.5810652920962198,3.18,0
z15_x23378_y12008,43.257206,76.843872,улица Ахрименко,1.5575621890547264,3.5,0
z15_x23378_y12009,43.249204,76.843872,улица Мартехова,1.72779433681073,3.35,0
z15_x23378_y12010,43.241201,76.843872,улица Толе би,2.0148733233979135,2.95,0
z15_x23378_y12011,43.233197,76.843872,улица Жубанова,1.7081073025335323,3.26,0
z15_x23378_y12012,43.225193,76.843872,Жетысу 2-й микрорайон,1.5246050670640834,2.48,1
z15_x23378_y12013,43.217187,76.843872,Ауэзовский район,1.5,1.5,1
z15_x23378_y12014,43.20918,76.843872,улица Аманжол,1.5010454545454546,1.91,1
z15_x23378_y12015,43.201172,76.843872,улица Керуентау,1.5006706408345754,1.71,1
z15_x23378_y12016,43.193163,76.843872,Наурызбайский район,1.5,1.5,1
z15_x23378_y12017,43.185153,76.843872,улица Балбырауын,1.5009687034277197,1.8,1
z15_x23378_y12018,43.177141,76.843872,улица Мечеть,1.5,1.5,1
z15_x23378_y12019,43.169129,76.843872,Наурызбайский район,1.5023952095808384,2.22,1
z15_x23379_y11999,43.329174,76.854858,Алатауский район,1.54274217585693,2.47,1
z15_x23379_y12000,43.321181,76.854858,Алатауский район,1.5028763040238449,3.43,1
z15_x23379_y12001,43.313188,76.854858,Алатауский район,1.502950819672131,3.14,1
z15_x23379_y12002,43.305194,76.854858,Шанырак 1,1.5044113263785395,2.49,1
z15_x23379_y12003,43.297198,76.854858,улица Жидели,1.5054098360655737,2.48,1
z15_x23379_y12004,43.289202,76.854858,Алатауский район,1.50795827123696,2.49,1
z15_x23379_y12005,43.281204,76.854858,Алатауский район,1.5126229508196722,2.48,1
z15_x23379_y12006,43.273206,76.854858,улица Егизтобе,1.5043880597014927,2.72,1
z15_x23379_y12007,43.265206,76.854858,улица Ырысты,1.5035469448584202,2.48,1
z15_x23379_y12008,43.257206,76.854858,улица Тимофеева,1.5077496274217586,2.49,1
z15_x23379_y12009,43.249204,76.854858,улица Утеген Батыра,1.5030551415797317,2.13,1
z15_x23379_y12010,43.241201,76.854858,улица Отарская,2.0022503725782412,3.01,0
z15_x23379_y12011,43.233197,76.854858,проспект Алтынсарина,1.7179135618479882,3.01,0
z15_x23379_y12012,43.225193,76.854858,Микрорайон №3,1.506259314456036,1.86,1
z15_x23379_y12013,43.217187,76.854858,улица Айриха,1.6704470938897167,2.94,0
z15_x23379_y12014,43.20918,76.854858,Ауэзовский район,1.6894932935916545,2.49,1
z15_x23379_y12015,43.201172,76.854858,улица Жантурина,1.5781520119225039,2.67,1
z15_x23379_y12016,43.193163,76.854858,улица Новая,1.595692995529061,2.34,1
z15_x23379_y12017,43.185153,76.854858,улица Ушконыр,1.7875260804769002,2.45,0
z15_x23379_y12018,43.177141,76.854858,Наурызбайский район,1.7648733233979137,2.84,0
z15_x23379_y12019,43.169129,76.854858,Наурызбайский район,1.6281520119225037,2.26,1
z15_x23380_y11999,43.329174,76.865845,Алатауский район,1.5,1.5,1
z15_x23380_y12000,43.321181,76.865845,Сабатаева улица,1.5035022354694487,1.9,1
z15_x23380_y12001,43.313188,76.865845,Алатауский район,1.5029657228017883,2.52,1
z15_x23380_y12008,43.257206,76.865845,проспект Райымбека,1.5010497237569063,1.83,1
z15_x23380_y12009,43.249204,76.865845,улица Караоткел,1.5,1.5,1
z15_x23380_y12010,43.241201,76.865845,улица Жубанова,1.512556732223903,2.1,1
z15_x23380_y12011,43.233197,76.865845,Ауэзовский район,1.9210283159463488,4.65,0
z15_x23380_y12012,43.225193,76.865845,проспект Алтынсарина,1.5,1.5,1
z15_x23380_y12014,43.20918,76.865845,улица Ораза Жандосова,1.5,1.5,1
z15_x23380_y12015,43.201172,76.865845,улица Арычная,1.5188658146964855,2.68,1
z15_x23380_y12016,43.193163,76.865845,Дарын,1.551141141141141,2.9,1
z15_x23380_y12017,43.185153,76.865845,улица Култобе,1.5076751117734724,1.77,1
z15_x23380_y12018,43.177141,76.865845,улица Кенесары Хана,1.606393442622951,2.13,1
z15_x23380_y12019,43.169129,76.865845,Наурызбайский район,1.5567064083457525,2.43,1
z15_x23381_y11997,43.345155,76.876831,KB-67,1.5,1.5,1
z15_x23381_y11998,43.337165,76.876831,KB-67,1.522897727272727,3.5,0
z15_x23381_y11999,43.329174,76.876831,улица Красноармейская,1.5008895705521472,1.79,1
z15_x23381_y12000,43.321181,76.876831,улица Тлендиева,1.565171385991058,2.14,1
z15_x23381_y12006,43.273206,76.876831,Алатауский район,1.5,1.5,1
z15_x23381_y12007,43.265206,76.876831,улица Магаданская,1.5,1.5,1
z15_x23381_y12008,43.257206,76.876831,проспект Райымбека,1.5012145110410093,1.82,1
z15_x23381_y12009,43.249204,76.876831,улица Брусиловского,1.507111801242236,2.07,1
z15_x23381_y12010,43.241201,76.876831,улица Прокофьева,1.5965718562874252,3.24,0
z15_x23381_y12011,43.233197,76.876831,улица Сатпаева,1.5012518628912073,1.7,1
z15_x23381_y12012,43.225193,76.876831,улица Солнечная,1.5071982116244411,2.94,1
z15_x23381_y12013,43.217187,76.876831,улица Сулейменова,1.5,1.5,1
z15_x23381_y12016,43.193163,76.876831,улица Кошек батыра,1.5089371257485031,1.81,1
z15_x23381_y12017,43.185153,76.876831,Мирас,1.5358569299552904,1.82,1
z15_x23381_y12018,43.177141,76.876831,улица Альмерек,1.548286140089419,2.11,1
z15_x23381_y12019,43.169129,76.876831,Бостандыкский район,1.5480029806259314,2.4,1
z15_x23382_y11997,43.345155,76.887817,Илийский район,1.5,1.5,1
z15_x23382_y11998,43.337165,76.887817,Центральная СТ Птицевод,1.5043718592964825,1.99,1
z15_x23382_y11999,43.329174,76.887817,улица Хасен Оралтай,1.5021492537313434,1.64,1
z15_x23382_y12000,43.321181,76.887817,улица Бекболата,1.5634873323397913,1.94,1
z15_x23382_y12001,43.313188,76.887817,улица Садвакасова,1.9754843517138598,3.5,0
z15_x23382_y12008,43.257206,76.887817,улица Розыбакиева,1.5059701492537314,3.5,0
z15_x23382_y12009,43.249204,76.887817,улица Верещагина,1.5058569299552906,2.02,1
z15_x23382_y12010,43.241201,76.887817,улица Карасу,1.5261136023916293,3.17,1
z15_x23382_y12011,43.233197,76.887817,20 линия,1.513919523099851,2.04,1
z15_x23382_y12012,43.225193,76.887817,20-я линия переулок,1.806527570789866,2.95,0
z15_x23382_y12013,43.217187,76.887817,улица Абиша Кекилбайулы,1.500909090909091,1.72,1
z15_x23382_y12014,43.20918,76.887817,Бостандыкский район,1.5302248875562219,2.03,1
z15_x23382_y12015,43.201172,76.887817,улица Навои,1.5140868263473053,1.89,1
z15_x23382_y12016,43.193163,76.887817,улица Дулати,1.6297913561847988,2.45,1
z15_x23382_y12017,43.185153,76.887817,улица Дулати,1.5045889387144993,1.95,1
z15_x23382_y12018,43.177141,76.887817,улица Альмерек,1.51274322169059,2.48,1
z15_x23382_y12019,43.169129,76.887817,улица Дулати,1.7611922503725783,3.63,0
z15_x23383_y11997,43.345155,76.898804,Болашак микрорайон,1.5,1.5,1
z15_x23383_y11998,43.337165,76.898804,улица Коктал,1.503893280632411,2.09,1
z15_x23383_y11999,43.329174,76.898804,Жұмабаев көшесі,1.5,1.5,1
z15_x23383_y12000,43.321181,76.898804,Алатауский район,1.998241430700447,2.66,0
z15_x23383_y12001,43.313188,76.898804,Северное кольцо ул.,1.8427272727272728,3.5,0
z15_x23383_y12002,43.305194,76.898804,Кокмайса микрорайон,1.5,1.5,1
z15_x23383_y12007,43.265206,76.898804,улица Павленко,1.5006706408345754,1.8,1
z15_x23383_y12008,43.257206,76.898804,улица Ауэзова,1.5,1.5,1
z15_x23383_y12009,43.249204,76.898804,улица Богенбай Батыра,1.5033830104321908,1.58,1
z15_x23383_y12010,43.241201,76.898804,улица Курмангазы,1.5291952309985095,1.75,1
z15_x23383_y12011,43.233197,76.898804,улица Солодовникова,1.502026825633383,1.62,1
z15_x23383_y12012,43.225193,76.898804,улица Тимирязева,2.002563338301043,2.57,0
z15_x23383_y12013,43.217187,76.898804,улица Вяземская,1.5373770491803278,1.99,1
z15_x23383_y12014,43.20918,76.898804,проспект Ермека Серкебаева,1.5226268656716417,1.89,1
z15_x23383_y12015,43.201172,76.898804,проспект Ермека Серкебаева,1.666194029850746,2.73,0
z15_x23383_y12016,43.193163,76.898804,улица Аскара Кунаева,1.621559220389805,2.97,0
z15_x23383_y12017,43.185153,76.898804,улица Батырхана Шукенова,1.9255505279034693,3.49,0
z15_x23383_y12018,43.177141,76.898804,улица Мойынкум,1.7723744292237444,2.8,0
z15_x23383_y12019,43.169129,76.898804,Бостандыкский район,2.0691654247391953,4.59,0
z15_x23384_y11993,43.377105,76.90979,Центральная улица,1.5082705479452057,3.5,0
z15_x23384_y11994,43.369119,76.90979,Первомайская промзона,1.516791338582677,3.5,0
z15_x23384_y11997,43.345155,76.90979,Баганалы Орда улица,1.5381102362204724,3.5,0
z15_x23384_y11998,43.337165,76.90979,улица Центральная,2.779223880597015,3.5,0
z15_x23384_y11999,43.329174,76.90979,улица Ауэзовой,1.7922238805970148,3.32,0
z15_x23384_y12000,43.321181,76.90979,Айнабулак 1-й,1.5102537313432836,4.44,0
z15_x23384_y12001,43.313188,76.90979,Makataev street,1.7048882265275709,2.16,1
z15_x23384_y12006,43.273206,76.90979,улица Бокейхана,1.5087464387464389,2.41,1
z15_x23384_y12007,43.265206,76.90979,улица Шафика Чокина,1.5035171385991057,1.89,1
z15_x23384_y12008,43.257206,76.90979,улица Гоголя,1.5127719821162444,1.78,1
z15_x23384_y12009,43.249204,76.90979,улица Карасай Батыра,1.600461997019374,2.27,1
z15_x23384_y12010,43.241201,76.90979,проспект Абая,1.5034277198211623,1.65,1
z15_x23384_y12011,43.233197,76.90979,улица Манаса,1.5068107302533533,1.86,1
z15_x23384_y12012,43.225193,76.90979,улица Тимирязева,1.503397913561848,1.61,1
z15_x23384_y12013,43.217187,76.90979,улица Ботанический Сад,2.0822503725782413,2.86,0
z15_x23384_y12014,43.20918,76.90979,улица Ходжанова,2.1029657228017884,3.64,0
z15_x23384_y12015,43.201172,76.90979,проспект Аль-Фараби,1.9014008941877794,3.04,0
z15_x23384_y12016,43.193163,76.90979,улица Рахмадиева,1.6118181818181818,2.26,1
z15_x23384_y12017,43.185153,76.90979,улица Мурат,1.7397913561847989,3.18,0
z15_x23384_y12018,43.177141,76.90979,Бостандыкский район,1.7784500745156482,3.5,0
z15_x23384_y12019,43.169129,76.90979,улица Какимбека Салыкова,1.7547839046199702,4.98,0
z15_x23385_y11993,43.377105,76.920776,Илийский район,1.5447833622183709,3.46,0
z15_x23385_y11994,43.369119,76.920776,Северное кольцо,1.514757281553398,2.27,1
z15_x23385_y11995,43.361132,76.920776,Кокжиек микрорайон,1.5,1.5,1
z15_x23385_y11996,43.353144,76.920776,Первомайская нефтебаза,1.5,1.5,1
z15_x23385_y11997,43.345155,76.920776,Северное кольцо,1.685939393939394,2.84,0
z15_x23385_y11998,43.337165,76.920776,Жетысуский район,2.376576980568012,3.5,0
z15_x23385_y12001,43.313188,76.920776,улица Омарова,1.5,1.5,1
z15_x23385_y12005,43.281204,76.920776,Жетысуский район,1.5041021671826624,1.97,1
z15_x23385_y12006,43.273206,76.920776,Улица Аргымак,1.5015201192250371,1.67,1
z15_x23385_y12007,43.265206,76.920776,Алмалинский район,1.5162891207153502,2.01,1
z15_x23385_y12008,43.257206,76.920776,улица Шагабутдинова,1.5831594634873323,2.51,1
z15_x23385_y12009,43.249204,76.920776,улица Шагабутдинова,1.5381669150521609,2.01,1
z15_x23385_y12010,43.241201,76.920776,проспект Абая,1.5200000000000002,1.62,1
z15_x23385_y12011,43.233197,76.920776,Набережная Хамита Ергалиева,1.5,1.5,1
z15_x23385_y12012,43.225193,76.920776,улица Тимирязева,1.509269746646796,1.87,1
z15_x23385_y12013,43.217187,76.920776,Бостандыкский район,1.598837555886736,2.12,1
z15_x23385_y12014,43.20918,76.920776,Бостандыкский район,1.5116716417910447,1.95,1
z15_x23385_y12015,43.201172,76.920776,Бостандыкский район,1.6926676602086437,2.77,0
z15_x23385_y12016,43.193163,76.920776,улица Жангир Хана,2.0551713859910583,3.87,0
z15_x23385_y12017,43.185153,76.920776,Бостандыкский район,1.5241272430668842,2.44,1
z15_x23385_y12019,43.169129,76.920776,улица Советская,1.593204172876304,2.17,1
z15_x23386_y11997,43.345155,76.931763,Жетысуский район,1.5869565217391304,3.5,0
z15_x23386_y11998,43.337165,76.931763,Жетысуский район,1.5508216432865731,3.5,0
z15_x23386_y12001,43.313188,76.931763,улица Осенняя,1.9691803278688524,2.58,0
z15_x23386_y12004,43.289202,76.931763,улица Акпаева,1.61234219269103,3.5,0
z15_x23386_y12005,43.281204,76.931763,улица Черноморская,1.5074217585692995,1.73,1
z15_x23386_y12006,43.273206,76.931763,проспект Сейфуллина,1.5035171385991057,1.98,1
z15_x23386_y12007,43.265206,76.931763,улица Торекулова,1.501704834605598,2.01,1
z15_x23386_y12008,43.257206,76.931763,улица Айтеке Би,1.50681592039801,2.33,1
z15_x23386_y12009,43.249204,76.931763,улица Амангельды,1.626602086438152,3.47,0
z15_x23386_y12010,43.241201,76.931763,проспект Абая,1.5033233979135618,1.91,1
z15_x23386_y12011,43.233197,76.931763,улица Байтурсынова,1.5,1.5,1
z15_x23386_y12012,43.225193,76.931763,улица Попова,1.5,1.5,1
z15_x23386_y12013,43.217187,76.931763,Медеуский район,1.50301043219076,1.72,1
z15_x23386_y12014,43.20918,76.931763,Бостандыкский район,1.5050074515648286,1.81,1
z15_x23386_y12015,43.201172,76.931763,Аскартау микрорайон,1.606780923994039,3.02,0
z15_x23386_y12016,43.193163,76.931763,Бостандыкский район,1.5032488822652756,1.71,1
z15_x23386_y12017,43.185153,76.931763,Бостандыкский район,1.5093293591654247,1.8,1
z15_x23386_y12018,43.177141,76.931763,улица Талды,1.5257228017883755,2.4,1
z15_x23386_y12019,43.169129,76.931763,Бостандыкский район,1.5208345752608048,1.88,1
z15_x23387_y11998,43.337165,76.942749,Шолохов көшесі,1.517731092436975,2.25,1
z15_x23387_y12001,43.313188,76.942749,Dulatov street,2.08043219076006,3.62,0
z15_x23387_y12002,43.305194,76.942749,Турксибский район,1.511153846153846,3.5,0
z15_x23387_y12006,43.273206,76.942749,улица Панфилова,1.5,1.5,1
z15_x23387_y12007,43.265206,76.942749,Молдагуловой улица,1.5013134328358209,1.72,1
z15_x23387_y12008,43.257206,76.942749,улица Айтеке Би,1.5578241430700446,2.22,1
z15_x23387_y12009,43.249204,76.942749,улица Кабанбай Батыра,1.5479433681073027,2.39,1
z15_x23387_y12010,43.241201,76.942749,проспект Абая,1.5,1.5,1
z15_x23387_y12011,43.233197,76.942749,улица Юрия Померанцева,1.500983606557377,2.16,1
z15_x23387_y12012,43.225193,76.942749,проспект Сейфуллина,1.5241430700447094,2.8,1
z15_x23387_y12013,43.217187,76.942749,улица Сызганова,1.5918330849478388,2.34,1
z15_x23387_y12014,43.20918,76.942749,улица Тимофея Седельникова,1.5115946348733234,1.72,1
z15_x23387_y12015,43.201172,76.942749,улица Курортная,1.5094336810730253,1.9,1
z15_x23387_y12016,43.193163,76.942749,улица Жансая,1.5045156482861402,1.66,1
z15_x23387_y12017,43.185153,76.942749,Бостандыкский район,1.504038748137109,1.67,1
z15_x23387_y12018,43.177141,76.942749,Бостандыкский район,1.5700298062593145,2.05,1
z15_x23387_y12019,43.169129,76.942749,улица Талды,1.5710134128166917,2.26,1
z15_x23388_y12000,43.321181,76.953735,Турксибский район,1.5168333333333335,3.5,0
z15_x23388_y12001,43.313188,76.953735,проспект Суюнбая,1.674843517138599,3.5,0
z15_x23388_y12002,43.305194,76.953735,улица Цимлянская,1.8537555886736212,2.99,0
z15_x23388_y12005,43.281204,76.953735,улица Натарова,1.5,1.5,1
z15_x23388_y12006,43.273206,76.953735,улица Герасима Колпаковского,1.5306726457399102,2.71,1
z15_x23388_y12007,43.265206,76.953735,улица Есенова,1.5193423019431989,2.47,1
z15_x23388_y12008,43.257206,76.953735,улица Казыбек би,1.5257675111773472,2.72,1
z15_x23388_y12009,43.249204,76.953735,улица Жамбыла,1.5230998509687035,1.98,1
z15_x23388_y12010,43.241201,76.953735,улица Шокана Валиханова,1.511430700447094,1.77,1
z15_x23388_y12011,43.233197,76.953735,бульвар Мендикулова,1.5426825633383012,2.24,1
z15_x23388_y12012,43.225193,76.953735,бульвар Мендикулова,1.6761847988077496,2.31,1
z15_x23388_y12013,43.217187,76.953735,улица Ахмедиярова,1.5,1.5,1
z15_x23388_y12014,43.20918,76.953735,Каппарова ул.,1.5,1.5,1
z15_x23388_y12015,43.201172,76.953735,Медеуский район,1.5,1.5,1
z15_x23388_y12016,43.193163,76.953735,Дружба-спорт СТ,1.5073621460506708,1.86,1
z15_x23388_y12017,43.185153,76.953735,улица Солнечная,1.579925484351714,2.01,1
z15_x23388_y12018,43.177141,76.953735,Бостандыкский район,1.5415350223546944,2.5,1
z15_x23388_y12019,43.169129,76.953735,улица Автомобилистов,1.5102086438152011,1.79,1
z15_x23389_y11995,43.361132,76.964722,улица Радус-Зеньковича,1.5,1.5,1
z15_x23389_y12000,43.321181,76.964722,улица Орджоникидзе,1.5160655737704918,3.5,0
z15_x23389_y12001,43.313188,76.964722,улица Юных Пионеров,1.5072876304023846,2.02,1
z15_x23389_y12002,43.305194,76.964722,улица Покрышкина,1.5403129657228016,2.69,1
z15_x23389_y12004,43.289202,76.964722,Жетысуский район,1.5,1.5,1
z15_x23389_y12005,43.281204,76.964722,Крепость,1.7031586826347307,2.57,0
z15_x23389_y12006,43.273206,76.964722,Крепость,1.527686567164179,2.29,1
z15_x23389_y12007,43.265206,76.964722,улица Мукагали Макатаева,1.5145291479820628,2.46,1
z15_x23389_y12008,43.257206,76.964722,улица Кармысова,1.509940387481371,1.8,1
z15_x23389_y12009,43.249204,76.964722,улица Сарсена Аманжолова,1.5605514157973177,2.33,1
z15_x23389_y12010,43.241201,76.964722,Медеуский район,1.5122950819672132,2.37,1
z15_x23389_y12011,43.233197,76.964722,улица Луганского,1.5042622950819673,2.9,1
z15_x23389_y12012,43.225193,76.964722,улица Жусипбека Елебекова,1.5079433681073027,1.64,1
z15_x23389_y12013,43.217187,76.964722,улица Крючкова,1.5080923994038746,1.82,1
z15_x23389_y12014,43.20918,76.964722,улица Тайманова,1.5,1.5,1
z15_x23389_y12015,43.201172,76.964722,Медеуский район,1.6142175856929957,3.08,0
z15_x23389_y12016,43.193163,76.964722,улица Банковая,1.6277943368107302,4.17,0
z15_x23389_y12017,43.185153,76.964722,Кайнар СТ,1.9739493293591654,3.3,0
z15_x23389_y12018,43.177141,76.964722,улица Обсерватория,1.5181200631911533,2.5,1
z15_x23389_y12019,43.169129,76.964722,улица Алмалыкская,1.5143517138599105,1.98,1
z15_x23390_y11995,43.361132,76.975708,Турксибский район,1.5,1.5,1
z15_x23390_y11996,43.353144,76.975708,Проспект Суюнбая,1.5,1.5,1
z15_x23390_y12000,43.321181,76.975708,Турксибский район,1.5,1.5,1
z15_x23390_y12001,43.313188,76.975708,улица Баймагамбетова,1.5018628912071534,1.96,1
z15_x23390_y12002,43.305194,76.975708,улица Ыргайты,1.5125782414307005,2.35,1
z15_x23390_y12004,43.289202,76.975708,улица Сазановская,1.5060993975903614,2.56,1
z15_x23390_y12005,43.281204,76.975708,улица Кабилова,1.6057530120481929,3.39,0
z15_x23390_y12006,43.273206,76.975708,улица Уфимская,1.5,1.5,1
z15_x23390_y12007,43.265206,76.975708,улица Есенберлина,1.5,1.5,1
z15_x23390_y12008,43.257206,76.975708,Медеуский район,1.5,1.5,1
z15_x23390_y12011,43.233197,76.975708,Медеуский район,1.5010879284649776,2.13,1
z15_x23390_y12012,43.225193,76.975708,улица Жамал Омаровой,1.5,1.5,1
z15_x23390_y12013,43.217187,76.975708,улица Найманбаева,1.6164381520119226,2.16,1
z15_x23390_y12014,43.20918,76.975708,улица Кыз Жибек,1.5042622950819673,3.24,1
z15_x23390_y12015,43.201172,76.975708,улица Оспанова,1.5645007451564827,2.71,1
z15_x23390_y12016,43.193163,76.975708,улица Ладушкина,1.5044709388971684,3.5,1
z15_x23390_y12019,43.169129,76.975708,улица Ажибай батыра,1.5144113263785395,2.36,1
z15_x23391_y11995,43.361132,76.986694,Лавренев көшесі,1.5,1.5,1
z15_x23391_y12002,43.305194,76.986694,улица Жаяу Муса,1.511698956780924,2.07,1
z15_x23391_y12003,43.297198,76.986694,улица 4-я,1.5,1.5,1
z15_x23391_y12004,43.289202,76.986694,Медеуский район,1.5027272727272727,1.9,1
z15_x23391_y12005,43.281204,76.986694,улица Поповича,1.5,1.5,1
z15_x23391_y12006,43.273206,76.986694,улица Уразбаевой,1.5812220566318926,2.13,1
z15_x23391_y12007,43.265206,76.986694,улица Пензенская,3.2627719821162446,4.97,0
z15_x23391_y12008,43.257206,76.986694,Медеуский район,2.232295081967213,3.86,0
z15_x23391_y12009,43.249204,76.986694,улица Сагадата Нурмагамбетова,1.5512220566318928,2.35,1
z15_x23391_y12010,43.241201,76.986694,Медеуский район,1.5725186289120716,2.8,1
z15_x23391_y12011,43.233197,76.986694,улица Бригадная,1.6060655737704919,2.1,1
z15_x23391_y12012,43.225193,76.986694,улица Койгелди Батыра,1.5631147540983605,2.12,1
z15_x23391_y12013,43.217187,76.986694,Медеуский район,1.5273025335320416,2.63,1
z15_x23391_y12014,43.20918,76.986694,улица Кайсенова,1.5568107302533531,2.22,1
z15_x23391_y12015,43.201172,76.986694,Медеуский район,1.5162444113263784,1.84,1
z15_x23391_y12016,43.193163,76.986694,улица Керей-Жанибек хандар,1.502146050670641,1.82,1
z15_x23391_y12017,43.185153,76.986694,Медеуский район,1.6533979135618482,3.06,0
z15_x23391_y12018,43.177141,76.986694,Медеуский район,1.5128614008941879,1.81,1
z15_x23391_y12019,43.169129,76.986694,Медеуский район,1.534828614008942,2.3,1
z15_x23392_y11995,43.361132,76.997681,улица Дунентаева,1.5,1.5,1
z15_x23392_y11996,43.353144,76.997681,Ribinskaya street,1.5,1.5,1
z15_x23392_y11997,43.345155,76.997681,Ribinskaya street,1.5,1.5,1
z15_x23392_y11998,43.337165,76.997681,улица Набережная,1.5,1.5,1
z15_x23392_y11999,43.329174,76.997681,Турксибский район,1.5,1.5,1
z15_x23392_y12000,43.321181,76.997681,17-ші сызба көшесі,1.5015946348733236,2.08,1
z15_x23392_y12001,43.313188,76.997681,17-ші сызба көшесі,1.503457526080477,2.35,1
z15_x23392_y12002,43.305194,76.997681,улица Гурилёва,1.6694187779433682,2.07,1
z15_x23392_y12003,43.297198,76.997681,проспект Рыскулова,1.5,1.5,1
z15_x23392_y12008,43.257206,76.997681,улица Сарсенбаева,2.5772429210134127,3.96,0
z15_x23392_y12009,43.249204,76.997681,улица Центральная,1.5812071535022354,2.87,1
z15_x23392_y12010,43.241201,76.997681,улица Центральная,1.55,2.2,1
z15_x23392_y12011,43.233197,76.997681,Медеуский район,1.6827719821162446,3.83,0
z15_x23392_y12012,43.225193,76.997681,улица Горная,1.5294038748137109,1.85,1
z15_x23392_y12013,43.217187,76.997681,улица Койгелди Батыра,1.5151750380517504,2.7,1
z15_x23392_y12014,43.20918,76.997681,улица Ондасынова,1.5109850746268656,1.78,1
z15_x23392_y12015,43.201172,76.997681,улица Ондасынова,1.511639344262295,2.14,1
z15_x23392_y12016,43.193163,76.997681,улица Керей-Жанибек хандар,1.5143517138599105,2.28,1
z15_x23392_y12017,43.185153,76.997681,улица Керей-Жанибек хандар,1.7637406855439643,3.42,0
z15_x23392_y12018,43.177141,76.997681,Медеуский район,1.509344262295082,2.35,1
z15_x23392_y12019,43.169129,76.997681,Медеуский район,1.5660804769001488,1.94,1
z15_x23393_y11993,43.377105,77.008667,улица Ардакты,1.5,1.5,1
z15_x23393_y11994,43.369119,77.008667,Альмерек,1.5,1.5,1
z15_x23393_y11995,43.361132,77.008667,Турксибский район,1.5,1.5,1
z15_x23393_y11996,43.353144,77.008667,улица Ахметова,1.5013263785394932,1.86,1
z15_x23393_y11997,43.345155,77.008667,Турксибский район,1.5012816691505215,2.1,1
z15_x23393_y11998,43.337165,77.008667,Турксибский район,1.5,1.5,1
z15_x23393_y12000,43.321181,77.008667,Кайрат,1.5,1.5,1
z15_x23393_y12002,43.305194,77.008667,улица 5-я,1.8511773472429212,3.5,0
z15_x23393_y12003,43.297198,77.008667,улица Хмельницкого,2.173725782414307,3.43,0
z15_x23393_y12007,43.265206,77.008667,улица Иштвана Коныра,1.5,1.5,1
z15_x23393_y12008,43.257206,77.008667,улица Бердыбаева,1.504441132637854,2.5,1
z15_x23393_y12010,43.241201,77.008667,улица Шокая,1.5,1.5,1
z15_x23393_y12011,43.233197,77.008667,Медеуский район,1.5045889387144993,2.67,1
z15_x23393_y12012,43.225193,77.008667,Медеуский район,1.521892697466468,2.69,1
z15_x23393_y12013,43.217187,77.008667,улица Бишкекская,1.5167362146050671,1.67,1
z15_x23393_y12014,43.20918,77.008667,улица Султангазина,1.5494932935916543,2.58,1
z15_x23393_y12015,43.201172,77.008667,Yellow Lemon Path,1.5420566318926976,2.83,1
z15_x23393_y12016,43.193163,77.008667,Yellow Lemon Path,1.5056631892697465,1.69,1
z15_x23393_y12017,43.185153,77.008667,улица Керей-Жанибек хандар,1.5173472429210133,1.71,1
z15_x23393_y12018,43.177141,77.008667,улица Керей-Жанибек хандар,1.5496274217585693,1.97,1
z15_x23393_y12019,43.169129,77.008667,Медеуский район,1.5684500745156484,2.96,1
z15_x23394_y11993,43.377105,77.019653,улица Акбидай,1.5186438152011923,2.21,1
z15_x23394_y11995,43.361132,77.019653,Турксибский район,1.5,1.5,1
z15_x23394_y11997,43.345155,77.019653,Нуршашкан,1.5,1.5,1
z15_x23394_y11998,43.337165,77.019653,Нуршашкан,1.5,1.5,1
z15_x23394_y12002,43.305194,77.019653,Кульджинский тракт,1.5308349146110056,3.5,0
z15_x23394_y12003,43.297198,77.019653,улица Жеруйык,1.6357526080476898,3.83,0
z15_x23394_y12004,43.289202,77.019653,Думан,1.5128676470588236,2.23,1
z15_x23394_y12005,43.281204,77.019653,улица Центральная,1.5,1.5,1
z15_x23394_y12006,43.273206,77.019653,Талгарский район,1.5,1.5,1
z15_x23394_y12007,43.265206,77.019653,Талгарский район,1.5,1.5,1
z15_x23394_y12009,43.249204,77.019653,Медеуский район,1.5274920127795528,2.82,1
z15_x23394_y12010,43.241201,77.019653,Медеуский район,1.508956780923994,1.76,1
z15_x23394_y12011,43.233197,77.019653,улица Шокая,1.5802384500745155,2.11,1
z15_x23394_y12012,43.225193,77.019653,Медеуский район,1.6510283159463486,2.25,1
z15_x23394_y12013,43.217187,77.019653,Медеуский район,1.6207600596125187,2.17,1
z15_x23394_y12014,43.20918,77.019653,Медеуский район,1.5233233979135619,1.64,1
z15_x23394_y12015,43.201172,77.019653,улица Алматинская,1.5,1.5,1
z15_x23394_y12016,43.193163,77.019653,улица Бейсеуова,1.5022503725782415,1.95,1
z15_x23394_y12018,43.177141,77.019653,Медеуский район,1.501984375,2.06,1
z15_x23394_y12019,43.169129,77.019653,улица Керей-Жанибек хандар,1.5129657228017885,2.25,1
z15_x23395_y11993,43.377105,77.03064,Талгарский район,1.5061102831594635,1.92,1
z15_x23395_y11994,43.369119,77.03064,Талгарский район,1.5,1.5,1
z15_x23395_y11997,43.345155,77.03064,Турксибский район,1.5035211267605635,2.02,1
z15_x23395_y11998,43.337165,77.03064,Турксибский район,1.5,1.5,1
z15_x23395_y12000,43.321181,77.03064,Естай улица,1.5025900900900901,2.47,1
z15_x23395_y12001,43.313188,77.03064,улица Бухтарминская,1.5014673046251994,2.23,1
z15_x23395_y12002,43.305194,77.03064,улица Жеруйык,1.5,1.5,1
z15_x23395_y12003,43.297198,77.03064,улица Кашаубаева,1.7378092399403875,2.51,1
z15_x23395_y12004,43.289202,77.03064,Думан,2.171311475409836,3.17,0
z15_x23395_y12005,43.281204,77.03064,улица Еркин,1.5416095380029808,2.1,1
z15_x23395_y12006,43.273206,77.03064,Талгарский район,1.5997615499254845,1.89,1
z15_x23395_y12007,43.265206,77.03064,Талгарский район,3.406035767511177,5.43,0
z15_x23395_y12008,43.257206,77.03064,Талгарский район,2.3700447093889716,5.75,0
z15_x23395_y12009,43.249204,77.03064,Медеуский район,1.565871833084948,2.13,1
z15_x23395_y12010,43.241201,77.03064,Медеуский район,1.5544113263785395,2.19,1
z15_x23395_y12011,43.233197,77.03064,Медеуский район,1.5364828614008943,1.93,1
z15_x23395_y12012,43.225193,77.03064,Медеуский район,1.50876304023845,1.73,1
z15_x23395_y12013,43.217187,77.03064,Медеуский район,1.5,1.5,1
z15_x23395_y12014,43.20918,77.03064,Медеуский район,1.7181073025335318,2.29,1
z15_x23395_y12015,43.201172,77.03064,Медеуский район,1.517511177347243,1.8,1
z15_x23395_y12016,43.193163,77.03064,улица Бейсеуова,1.5,1.5,1
z15_x23395_y12019,43.169129,77.03064,Медеуский район,1.5,1.5,1
z15_x23396_y11993,43.377105,77.041626,Талгарский район,1.8623248882265273,2.85,0
z15_x23396_y11994,43.369119,77.041626,Талгарский район,1.5150166666666667,3.42,1
z15_x23396_y11995,43.361132,77.041626,Zakarpatskaya street,1.5,1.5,1
z15_x23396_y11996,43.353144,77.041626,Талгарский район,1.5,1.5,1
z15_x23396_y11997,43.345155,77.041626,Талгарский район,1.5029568106312292,1.88,1
z15_x23396_y11999,43.329174,77.041626,Алатауская трасса,3.4513859910581224,6.03,0
z15_x23396_y12000,43.321181,77.041626,Талгарский район,1.9959910581222056,3.46,0
z15_x23396_y12001,43.313188,77.041626,Приканальная а/д БАК,1.9555141579731745,2.82,0
z15_x23396_y12002,43.305194,77.041626,Орынтай,1.7704470938897168,2.43,1
z15_x23396_y12003,43.297198,77.041626,улица Байтурсынова,1.5054992548435173,1.57,1
z15_x23396_y12004,43.289202,77.041626,улица Бурабай,1.8096423248882265,2.79,0
z15_x23396_y12005,43.281204,77.041626,улица Иле,1.502935916542474,2.69,1
z15_x23396_y12006,43.273206,77.041626,улица Иле,1.5,1.5,1
z15_x23396_y12007,43.265206,77.041626,Талгарский район,1.5027508090614887,2.19,1
z15_x23396_y12008,43.257206,77.041626,Талгарский район,1.503591654247392,1.7,1
z15_x23396_y12009,43.249204,77.041626,Талгарский район,1.5051862891207153,1.7,1
z15_x23396_y12010,43.241201,77.041626,Медеуский район,1.5,1.5,1
z15_x23396_y12011,43.233197,77.041626,Медеуский район,1.5028464977645306,1.76,1
z15_x23396_y12012,43.225193,77.041626,Медеуский район,1.504828614008942,1.76,1
z15_x23396_y12013,43.217187,77.041626,Медеуский район,1.5038059701492537,1.68,1
z15_x23396_y12014,43.20918,77.041626,Медеуский район,1.6930253353204172,2.17,1
z15_x23396_y12015,43.201172,77.041626,Медеуский район,1.5029850746268656,1.64,1
z15_x23396_y12016,43.193163,77.041626,Медеуский район,1.5,1.5,1
z15_x23396_y12018,43.177141,77.041626,Beiseuova Street,1.5,1.5,1
z15_x23396_y12019,43.169129,77.041626,улица Керей-Жанибек хандар,1.502950819672131,2.77,1
z15_x23397_y11993,43.377105,77.052612,Талгарский район,1.6347988077496274,2.17,1
z15_x23397_y11994,43.369119,77.052612,Zakarpatskaya street,1.674307004470939,2.23,1
z15_x23397_y11995,43.361132,77.052612,Zakarpatskaya street,1.856780923994039,2.38,0
z15_x23397_y11996,43.353144,77.052612,улица Майлина,1.5067064083457526,1.82,1
z15_x23397_y11997,43.345155,77.052612,Кульджинский тракт,1.7790014903129658,2.22,1
z15_x23397_y11998,43.337165,77.052612,Талгарский район,2.150596125186289,3.16,0
z15_x23397_y11999,43.329174,77.052612,ПК Жигер,1.7395827123695975,3.06,0
z15_x23397_y12000,43.321181,77.052612,улица Мектеп,1.5,1.5,1
z15_x23397_y12001,43.313188,77.052612,Талгарский район,1.5,1.5,1
z15_x23397_y12002,43.305194,77.052612,Орынтай,1.5,1.5,1
z15_x23397_y12003,43.297198,77.052612,улица Абая,1.5,1.5,1
z15_x23397_y12004,43.289202,77.052612,улица Чехова,1.683725782414307,2.37,1
z15_x23397_y12005,43.281204,77.052612,Талгарский район,1.5703427719821164,1.84,1
z15_x23397_y12006,43.273206,77.052612,улица Иле,1.5224590163934426,1.99,1
z15_x23397_y12007,43.265206,77.052612,улица Иле,1.6969591527987897,2.74,0
z15_x23397_y12008,43.257206,77.052612,Талгарский район,1.5,1.5,1
z15_x23397_y12009,43.249204,77.052612,Талгарский район,1.5012835820895523,2.36,1
z15_x23397_y12012,43.225193,77.052612,улица Инкардария,1.5,1.5,1
z15_x23397_y12013,43.217187,77.052612,Медеуский район,1.528360655737705,2.6,1
z15_x23397_y12014,43.20918,77.052612,Медеуский район,1.5285096870342774,2.94,1
z15_x23397_y12015,43.201172,77.052612,Медеуский район,1.5,1.5,1
z15_x23397_y12016,43.193163,77.052612,Медеуский район,1.5,1.5,1
z15_x23397_y12018,43.177141,77.052612,Бутаковка улица,1.5,1.5,1
z15_x23397_y12019,43.169129,77.052612,улица Керей-Жанибек хандар,1.5,1.5,1
z15_x23398_y11993,43.377105,77.063599,Турксибский район,1.5,1.5,1
z15_x23398_y11994,43.369119,77.063599,Zakarpatskaya street,1.7107531380753138,3.5,0
z15_x23398_y11996,43.353144,77.063599,Талгарский район,1.5,1.5,1
z15_x23398_y11997,43.345155,77.063599,Талгарский район,1.5,1.5,1
z15_x23398_y11998,43.337165,77.063599,Алатауская трасса,1.5194057724957555,2.28,1
z15_x23398_y11999,43.329174,77.063599,улица Валиханова,1.5213725490196077,2.13,1
z15_x23398_y12000,43.321181,77.063599,Талгарский район,1.5,1.5,1
z15_x23398_y12002,43.305194,77.063599,улица Райымбек Батыра,1.5,1.5,1
z15_x23398_y12003,43.297198,77.063599,улица Курмангазы,1.5009384615384616,1.83,1
z15_x23398_y12004,43.289202,77.063599,улица Майлина,1.514053651266766,2.52,1
z15_x23398_y12005,43.281204,77.063599,улица Чехова,1.5013381995133819,2.05,1
z15_x23398_y12006,43.273206,77.063599,улица Чехова,1.5049776453055141,1.78,1
z15_x23398_y12007,43.265206,77.063599,Талгарский район,1.5,1.5,1
z15_x23398_y12008,43.257206,77.063599,Талгарский район,1.501984126984127,2.28,1
z15_x23398_y12009,43.249204,77.063599,Талгарский район,1.5124441132637854,1.94,1
z15_x23398_y12010,43.241201,77.063599,Талгарский район,1.5698956780923996,2.68,1
z15_x23398_y12011,43.233197,77.063599,Талгарский район,1.5,1.5,1
z15_x23398_y12012,43.225193,77.063599,Талгарский район,1.5019309262166405,1.83,1
z15_x23398_y12013,43.217187,77.063599,Талгарский район,1.5883904619970193,2.0,1
z15_x23398_y12014,43.20918,77.063599,Талгарский район,1.5036065573770492,1.77,1
z15_x23398_y12015,43.201172,77.063599,Медеуский район,1.5013263785394932,1.9,1
z15_x23398_y12016,43.193163,77.063599,Медеуский район,1.5032375189107412,1.8,1
z15_x23398_y12017,43.185153,77.063599,Медеуский район,1.6345305514157973,2.08,1
z15_x23398_y12018,43.177141,77.063599,Бутаковка улица,1.5,1.5,1
z15_x23398_y12019,43.169129,77.063599,Медеуский район,1.5038301043219078,1.69,1
z15_x23399_y11995,43.361132,77.074585,Талгарский район,1.5,1.5,1
z15_x23399_y11996,43.353144,77.074585,Талгарский район,1.5,1.5,1
z15_x23399_y11999,43.329174,77.074585,Талгарский район,1.5011152416356879,1.83,1
z15_x23399_y12000,43.321181,77.074585,Талгарский район,1.5,1.5,1
z15_x23399_y12002,43.305194,77.074585,Талгарский район,1.5,1.5,1
z15_x23399_y12003,43.297198,77.074585,улица Алатау,1.5,1.5,1
z15_x23399_y12004,43.289202,77.074585,улица Майлина,1.7048435171385992,2.51,1
z15_x23399_y12005,43.281204,77.074585,Талгарский район,1.5014100486223663,1.89,1
z15_x23399_y12006,43.273206,77.074585,улица Чехова,1.500521609538003,1.85,1
z15_x23399_y12009,43.249204,77.074585,Талгарский район,1.5177138413685847,2.86,1
z15_x23399_y12010,43.241201,77.074585,Талгарский район,1.590983606557377,2.07,1
z15_x23399_y12011,43.233197,77.074585,Талгарский район,1.5116840536512668,2.13,1
z15_x23399_y12012,43.225193,77.074585,Талгарский район,1.5020119225037258,1.71,1
z15_x23399_y12013,43.217187,77.074585,Талгарский район,1.5,1.5,1
z15_x23399_y12014,43.20918,77.074585,Талгарский район,1.5,1.5,1
z15_x23399_y12015,43.201172,77.074585,Талгарский район,1.502682563338301,1.61,1
z15_x23399_y12016,43.193163,77.074585,Медеуский район,1.5122537313432836,2.25,1
z15_x23399_y12017,43.185153,77.074585,Бутаковка улица,2.3306567164179106,3.03,0
z15_x23399_y12018,43.177141,77.074585,Бутаковка улица,1.5024766355140187,2.31,1
z15_x23399_y12019,43.169129,77.074585,Медеуский район,1.570208643815201,2.48,1
